<?xml version="1.0" encoding="UTF-8"?>
<metadata xml:lang="nl"><Esri><CreaDate>20150120</CreaDate><CreaTime>17575900</CreaTime><ArcGISFormat>1.0</ArcGISFormat><SyncOnce>FALSE</SyncOnce><DataProperties><lineage><Process ToolSource="c:\program files (x86)\arcgis\desktop10.2\ArcToolbox\Toolboxes\Data Management Tools.tbx\CalculateField" Date="20140428" Time="134413" Name="" export="">CalculateField CLC12_NL ID ""NL-" &amp; [OBJECTID]" VB #</Process><Process ToolSource="c:\program files (x86)\arcgis\desktop10.2\ArcToolbox\Toolboxes\Conversion Tools.tbx\FeatureClassToFeatureClass" Date="20140508" Time="105625" Name="" export="">FeatureClassToFeatureClass F:\aiwerk\CLC2012\data\def_gdb\CLC2012_NL.gdb\NL\CLC12_NL F:\aiwerk\CLC2012\data\def_gdb\CLC2012_NL.mdb\NL CLC12_NL # "ID "ID" true true false 18 Text 0 0 ,First,#,F:\aiwerk\CLC2012\data\def_gdb\CLC2012_NL.gdb\NL\CLC12_NL,ID,-1,-1;CODE_12 "CODE_12" true true false 3 Text 0 0 ,First,#,F:\aiwerk\CLC2012\data\def_gdb\CLC2012_NL.gdb\NL\CLC12_NL,CODE_12,-1,-1;AREA_HA "AREA_HA" true true false 8 Double 0 0 ,First,#,F:\aiwerk\CLC2012\data\def_gdb\CLC2012_NL.gdb\NL\CLC12_NL,AREA_HA,-1,-1;REMARK "REMARK" true true false 20 Text 0 0 ,First,#,F:\aiwerk\CLC2012\data\def_gdb\CLC2012_NL.gdb\NL\CLC12_NL,REMARK,-1,-1;SHAPE_Length "SHAPE_Length" false true true 8 Double 0 0 ,First,#,F:\aiwerk\CLC2012\data\def_gdb\CLC2012_NL.gdb\NL\CLC12_NL,SHAPE_Length,-1,-1;SHAPE_Area "SHAPE_Area" false true true 8 Double 0 0 ,First,#,F:\aiwerk\CLC2012\data\def_gdb\CLC2012_NL.gdb\NL\CLC12_NL,SHAPE_Area,-1,-1" #</Process><Process ToolSource="c:\program files (x86)\arcgis\desktop10.2\ArcToolbox\Toolboxes\Data Management Tools.tbx\CalculateField" Date="20140509" Time="110746" Name="" export="">CalculateField CLC12_NL AREA_HA "[Shape_Area] / 10000" VB #</Process><Process ToolSource="c:\program files (x86)\arcgis\desktop10.2\ArcToolbox\Toolboxes\Data Management Tools.tbx\CalculateField" Date="20140509" Time="110825" Name="" export="">CalculateField CLC12_NL ID ""NL-" &amp; [OBJECTID]" VB #</Process><Process ToolSource="c:\program files (x86)\arcgis\desktop10.2\ArcToolbox\Toolboxes\Data Management Tools.tbx\CalculateField" Date="20140509" Time="112626" Name="" export="">CalculateField CLC12_NL AREA_HA "[Shape_Area] / 10000" VB #</Process><Process ToolSource="c:\program files (x86)\arcgis\desktop10.2\ArcToolbox\Toolboxes\Data Management Tools.tbx\CalculateField" Date="20140509" Time="112701" Name="" export="">CalculateField CLC12_NL ID ""NL-" &amp; [OBJECTID]" VB #</Process><Process ToolSource="c:\program files (x86)\arcgis\desktop10.2\ArcToolbox\Toolboxes\Data Management Tools.tbx\CopyFeatures" Date="20141023" Time="150217">CopyFeatures W:\PROJECTS\GEO_data2\Landgebruik\Corine2012\UnZipped\CLC2012_NL.gdb\NL\CLC12_NL "Database Connections\Landgebruik @ GDB3.sde\LANDGEBRUIK.Corine_NL_2012\LANDGEBRUIK.CLC12_NL" # 0 0 0</Process></lineage><itemProps><itemName Sync="TRUE">LANDGEBRUIK.CLC12_NL</itemName><itemLocation><linkage Sync="TRUE">Server=gdb3; Service=sde:oracle11g:gdb3; User=Landgebruik; Version=SDE.DEFAULT</linkage><protocol Sync="TRUE">ArcSDE Connection</protocol></itemLocation><nativeExtBox><westBL Sync="TRUE">-14793.675900</westBL><eastBL Sync="TRUE">301755.688700</eastBL><southBL Sync="TRUE">305839.011800</southBL><northBL Sync="TRUE">647078.628400</northBL><exTypeCode Sync="TRUE">1</exTypeCode></nativeExtBox><imsContentType Sync="TRUE">002</imsContentType></itemProps><coordRef><type Sync="TRUE">Projected</type><geogcsn Sync="TRUE">GCS_Amersfoort</geogcsn><csUnits Sync="TRUE">Linear Unit: Meter (1.000000)</csUnits><projcsn Sync="TRUE">RD_New</projcsn><peXml Sync="TRUE">&lt;ProjectedCoordinateSystem xsi:type='typens:ProjectedCoordinateSystem' xmlns:xsi='http://www.w3.org/2001/XMLSchema-instance' xmlns:xs='http://www.w3.org/2001/XMLSchema' xmlns:typens='http://www.esri.com/schemas/ArcGIS/10.1'&gt;&lt;WKT&gt;PROJCS[&amp;quot;RD_New&amp;quot;,GEOGCS[&amp;quot;GCS_Amersfoort&amp;quot;,DATUM[&amp;quot;D_Amersfoort&amp;quot;,SPHEROID[&amp;quot;Bessel_1841&amp;quot;,6377397.155,299.1528128]],PRIMEM[&amp;quot;Greenwich&amp;quot;,0.0],UNIT[&amp;quot;Degree&amp;quot;,0.0174532925199433]],PROJECTION[&amp;quot;Double_Stereographic&amp;quot;],PARAMETER[&amp;quot;False_Easting&amp;quot;,155000.0],PARAMETER[&amp;quot;False_Northing&amp;quot;,463000.0],PARAMETER[&amp;quot;Central_Meridian&amp;quot;,5.38763888888889],PARAMETER[&amp;quot;Scale_Factor&amp;quot;,0.9999079],PARAMETER[&amp;quot;Latitude_Of_Origin&amp;quot;,52.15616055555555],UNIT[&amp;quot;Meter&amp;quot;,1.0],AUTHORITY[&amp;quot;EPSG&amp;quot;,28992]],VERTCS[&amp;quot;NAP&amp;quot;,VDATUM[&amp;quot;Normaal_Amsterdams_Peil&amp;quot;],PARAMETER[&amp;quot;Vertical_Shift&amp;quot;,0.0],PARAMETER[&amp;quot;Direction&amp;quot;,1.0],UNIT[&amp;quot;Meter&amp;quot;,1.0],AUTHORITY[&amp;quot;EPSG&amp;quot;,5709]]&lt;/WKT&gt;&lt;XOrigin&gt;-30515500&lt;/XOrigin&gt;&lt;YOrigin&gt;-30279500&lt;/YOrigin&gt;&lt;XYScale&gt;10000&lt;/XYScale&gt;&lt;ZOrigin&gt;0&lt;/ZOrigin&gt;&lt;ZScale&gt;1&lt;/ZScale&gt;&lt;MOrigin&gt;0&lt;/MOrigin&gt;&lt;MScale&gt;1&lt;/MScale&gt;&lt;XYTolerance&gt;0.001&lt;/XYTolerance&gt;&lt;ZTolerance&gt;0.001&lt;/ZTolerance&gt;&lt;MTolerance&gt;0.001&lt;/MTolerance&gt;&lt;HighPrecision&gt;true&lt;/HighPrecision&gt;&lt;WKID&gt;28992&lt;/WKID&gt;&lt;LatestWKID&gt;28992&lt;/LatestWKID&gt;&lt;VCSWKID&gt;5709&lt;/VCSWKID&gt;&lt;LatestVCSWKID&gt;5709&lt;/LatestVCSWKID&gt;&lt;/ProjectedCoordinateSystem&gt;</peXml></coordRef></DataProperties><SyncDate>20141023</SyncDate><SyncTime>15015700</SyncTime><ModDate>20141023</ModDate><ModTime>15015700</ModTime><ArcGISstyle>GeoSticker</ArcGISstyle><scaleRange><minScale>500000</minScale><maxScale>5000</maxScale></scaleRange><ArcGISProfile>GeoSticker</ArcGISProfile></Esri><MD_Metadata xmlns:gml="http://www.opengis.net/gml" xmlns:xlink="http://www.w3.org/1999/xlink" xmlns:xsi="http://www.w3.org/2001/XMLSchema-instance" xmlns:gco="http://www.isotc211.org/2005/gco" xsi:schemaLocation="http://www.isotc211.org/2005/gmd http://schemas.opengis.net/iso/19139/20060504/gmd/gmd.xsd" xmlns="http://www.isotc211.org/2005/gmd"><fileIdentifier><gco:CharacterString>1382eeea-643e-45f1-ae13-16ce5c9b478c</gco:CharacterString></fileIdentifier><language><LanguageCode codeList="http://www.loc.gov/standards/iso639-2/" codeListValue="eng">eng</LanguageCode></language><hierarchyLevel><MD_ScopeCode codeList="./resources/codeList.xml#MD_ScopeCode" codeListValue="dataset">dataset</MD_ScopeCode></hierarchyLevel><contact><CI_ResponsibleParty><individualName><gco:CharacterString>Gerard Hazeu</gco:CharacterString></individualName><organisationName><gco:CharacterString>Alterra, Wageningen UR</gco:CharacterString></organisationName><positionName><gco:CharacterString>expert</gco:CharacterString></positionName><contactInfo><CI_Contact><address><CI_Address><electronicMailAddress><gco:CharacterString>gerard.hazeu@wur.nl</gco:CharacterString></electronicMailAddress></CI_Address></address><onlineResource><CI_OnlineResource><linkage><URL>http://www.alterra.wur.nl</URL></linkage></CI_OnlineResource></onlineResource></CI_Contact></contactInfo><role><CI_RoleCode codeList="./resources/codeList.xml#CI_RoleCode" codeListValue="author"/></role></CI_ResponsibleParty></contact><dateStamp><gco:Date>2014-07-01</gco:Date></dateStamp><metadataStandardName><gco:CharacterString>ISO 19115</gco:CharacterString></metadataStandardName><metadataStandardVersion><gco:CharacterString>Nederlandse metadata profiel op ISO 19115 voor geografie 1.3</gco:CharacterString></metadataStandardVersion><referenceSystemInfo><MD_ReferenceSystem><referenceSystemIdentifier><RS_Identifier><code><gco:CharacterString>28992</gco:CharacterString></code><codeSpace><gco:CharacterString>EPSG</gco:CharacterString></codeSpace></RS_Identifier></referenceSystemIdentifier></MD_ReferenceSystem></referenceSystemInfo><identificationInfo><MD_DataIdentification><citation><CI_Citation><title><gco:CharacterString>Corine land Cover 2012 database of the Netherlands</gco:CharacterString></title><alternateTitle><gco:CharacterString>CLC12_NL</gco:CharacterString></alternateTitle><date><CI_Date><date><gco:Date>2014-06-03</gco:Date></date><dateType><CI_DateTypeCode codeList="./resources/codeList.xml#CI_DateTypeCode" codeListValue="creation"/></dateType></CI_Date></date><date><CI_Date><date><gco:Date>2014-07-01</gco:Date></date><dateType><CI_DateTypeCode codeList="./resources/codeList.xml#CI_DateTypeCode" codeListValue="publication"/></dateType></CI_Date></date><edition><gco:CharacterString>2012</gco:CharacterString></edition><identifier><MD_Identifier><code><gco:CharacterString>35f85ce4-b1b8-40d3-a746-c212f10eb159</gco:CharacterString></code></MD_Identifier></identifier></CI_Citation></citation><abstract><gco:CharacterString>CORINE Land Cover 2012 database of the Netherlands. Land cover of the Netherlands in 2012 based on satellite imagery in combination with ancillary data with reference date around 2012. Land cover mapping according to the CLC class descriptions with minimum mapping unit 25ha.

The CORINE Land Cover (CLC) initiative has a longstanding tradition of providing land cover and land use information over Europe at regular time intervals. Over the past few decades, it gradually became one of the flagship european geospatial datasets. For the 2012 release, the global Monitoring for Environment and Security Programme (GMES, now called Copernicus), established in partnership with the European Commission and the European Space Agency (ESA), provides a unique opportunity to extend the CLC products with a new series of High Resolution (HR) layers, adressing 5 land cover characteristics that will provide valuable complementary information to the CLC datasets (i.e. imperviousness, forest areas, permanent grassland, wetlands and water bodies). The European Environment Agency (EEA) is responsible for the coordination of the pan-European component of GMES Initial Operations (GIO) Land Monitoring 2011-2013 in the framework of regulation (EU) No 911/2010 – Pan-EU Component. As the EEA highly values the cooperation with EIONET members and cooperating countries they were invited to participate in the production of CLC products and verification and enhancement of the HR layers.</gco:CharacterString></abstract><purpose><gco:CharacterString>Monitoring of Land Cover in Europe</gco:CharacterString></purpose><status><MD_ProgressCode codeList="./resources/codeList.xml#MD_ProgressCode" codeListValue="completed"/></status><pointOfContact><CI_ResponsibleParty><individualName><gco:CharacterString>Gerard Hazeu</gco:CharacterString></individualName><organisationName><gco:CharacterString>Alterra, Wageningen UR</gco:CharacterString></organisationName><positionName><gco:CharacterString>contact person</gco:CharacterString></positionName><contactInfo><CI_Contact><address><CI_Address><electronicMailAddress><gco:CharacterString>gerard.hazeu@wur.nl</gco:CharacterString></electronicMailAddress></CI_Address></address><onlineResource><CI_OnlineResource><linkage><URL>http://www.alterra.wur.nl</URL></linkage></CI_OnlineResource></onlineResource></CI_Contact></contactInfo><role><CI_RoleCode codeList="./resources/codeList.xml#CI_RoleCode" codeListValue="processor"/></role></CI_ResponsibleParty></pointOfContact><resourceMaintenance><MD_MaintenanceInformation><maintenanceAndUpdateFrequency><MD_MaintenanceFrequencyCode codeList="./resources/codeList.xml#MD_MaintenanceFrequencyCode" codeListValue="6annually"/></maintenanceAndUpdateFrequency><dateOfNextUpdate><gco:Date>2018-06-30</gco:Date></dateOfNextUpdate></MD_MaintenanceInformation></resourceMaintenance><descriptiveKeywords><MD_Keywords><keyword><gco:CharacterString>Bodemgebruik</gco:CharacterString></keyword><keyword><gco:CharacterString>Landgebruik</gco:CharacterString></keyword><thesaurusName><CI_Citation><title><gco:CharacterString>GEMET - INSPIRE themes, version 1.0</gco:CharacterString></title><date><CI_Date><date><gco:Date>2008-06-01</gco:Date></date><dateType><CI_DateTypeCode codeList="./resources/codeList.xml#CI_DateTypeCode" codeListValue="publication"/></dateType></CI_Date></date></CI_Citation></thesaurusName></MD_Keywords></descriptiveKeywords><resourceConstraints><MD_Constraints><useLimitation><gco:CharacterString>Geen gebruiksbeperkingen</gco:CharacterString></useLimitation></MD_Constraints></resourceConstraints><resourceConstraints><MD_Constraints><useLimitation><gco:CharacterString>Dataset niet gebruiken bij een schaal groter dan 1:50.000.</gco:CharacterString></useLimitation></MD_Constraints></resourceConstraints><resourceConstraints><MD_Constraints><useLimitation><gco:CharacterString>Niet te gebruiken voor navigatie</gco:CharacterString></useLimitation></MD_Constraints></resourceConstraints><resourceConstraints><MD_LegalConstraints><accessConstraints><MD_RestrictionCode codeList="./resources/codeList.xml#MD_RestrictionCode" codeListValue="otherRestrictions"/></accessConstraints><otherConstraints><gco:CharacterString>geen beperkingen</gco:CharacterString></otherConstraints></MD_LegalConstraints></resourceConstraints><resourceConstraints><MD_SecurityConstraints><classification><MD_ClassificationCode codeList="./resources/codeList.xml#MD_ClassificationCode" codeListValue="unclassified"/></classification></MD_SecurityConstraints></resourceConstraints><spatialRepresentationType><MD_SpatialRepresentationTypeCode codeList="./resources/codeList.xml#MD_SpatialRepresentationTypeCode" codeListValue="vector"/></spatialRepresentationType><spatialResolution><MD_Resolution><equivalentScale><MD_RepresentativeFraction><denominator><gco:Integer>100000</gco:Integer></denominator></MD_RepresentativeFraction></equivalentScale></MD_Resolution></spatialResolution><language><LanguageCode codeList="http://www.loc.gov/standards/iso639-2/" codeListValue="eng">eng</LanguageCode></language><topicCategory><MD_TopicCategoryCode>farming</MD_TopicCategoryCode></topicCategory><topicCategory><MD_TopicCategoryCode>environment</MD_TopicCategoryCode></topicCategory><topicCategory><MD_TopicCategoryCode>imageryBaseMapsEarthCover</MD_TopicCategoryCode></topicCategory><extent><EX_Extent><description><gco:CharacterString>land cover 2012</gco:CharacterString></description><geographicElement><EX_GeographicBoundingBox><westBoundLongitude><gco:Decimal>2.811</gco:Decimal></westBoundLongitude><eastBoundLongitude><gco:Decimal>7.615</gco:Decimal></eastBoundLongitude><southBoundLatitude><gco:Decimal>50.718</gco:Decimal></southBoundLatitude><northBoundLatitude><gco:Decimal>53.810</gco:Decimal></northBoundLatitude></EX_GeographicBoundingBox></geographicElement><geographicElement><EX_GeographicDescription><geographicIdentifier><MD_Identifier><code><gco:CharacterString>The Netherlands</gco:CharacterString></code></MD_Identifier></geographicIdentifier></EX_GeographicDescription></geographicElement></EX_Extent></extent></MD_DataIdentification></identificationInfo><distributionInfo><MD_Distribution><distributionFormat><MD_Format><name><gco:CharacterString>Esri file geodatabase</gco:CharacterString></name><version><gco:CharacterString>10.2</gco:CharacterString></version></MD_Format></distributionFormat><distributor><MD_Distributor><distributorContact><CI_ResponsibleParty><individualName><gco:CharacterString>EEA</gco:CharacterString></individualName><organisationName><gco:CharacterString>EEA - European Environment Agency</gco:CharacterString></organisationName><positionName><gco:CharacterString>owner</gco:CharacterString></positionName><contactInfo><CI_Contact><address><CI_Address><deliveryPoint><gco:CharacterString>Kongens Nytorv 6</gco:CharacterString></deliveryPoint><city><gco:CharacterString>Copenhagen</gco:CharacterString></city><country><gco:CharacterString>Denmark</gco:CharacterString></country><electronicMailAddress><gco:CharacterString>eea@eea.europa.eu</gco:CharacterString></electronicMailAddress></CI_Address></address><onlineResource><CI_OnlineResource><linkage><URL>http://dataservice.eea.europa.eu/dataservice</URL></linkage></CI_OnlineResource></onlineResource></CI_Contact></contactInfo><role><CI_RoleCode codeList="./resources/codeList.xml#CI_RoleCode" codeListValue="distributor"/></role></CI_ResponsibleParty></distributorContact></MD_Distributor></distributor><transferOptions><MD_DigitalTransferOptions><onLine><CI_OnlineResource><linkage><URL>Server=gdb3; Service=sde:oracle11g:gdb3; User=Landgebruik; Version=SDE.DEFAULT</URL></linkage><protocol><gco:CharacterString>dataset</gco:CharacterString></protocol><name><gco:CharacterString>-</gco:CharacterString></name></CI_OnlineResource></onLine><offLine><MD_Medium><name><MD_MediumNameCode codeList="./resources/codeList.xml#MD_MediumNameCode" codeListValue=""/></name></MD_Medium></offLine></MD_DigitalTransferOptions></transferOptions></MD_Distribution></distributionInfo><dataQualityInfo><DQ_DataQuality><scope><DQ_Scope><level><MD_ScopeCode codeList="./resources/codeList.xml#MD_ScopeCode" codeListValue="dataset"/></level></DQ_Scope></scope><report><DQ_AbsoluteExternalPositionalAccuracy><result><DQ_QuantitativeResult><valueUnit gco:nilReason="inapplicable"/><value><gco:Record>100 m</gco:Record></value></DQ_QuantitativeResult></result></DQ_AbsoluteExternalPositionalAccuracy></report><lineage><LI_Lineage><statement><gco:CharacterString>Satelite images, Aerial photos ans topographic data</gco:CharacterString></statement></LI_Lineage></lineage></DQ_DataQuality></dataQualityInfo></MD_Metadata><FC_FeatureCatalogue><featureType><name>LANDGEBRUIK.CLC12_NL</name><definition>Corine Land Cover 2012 in The Netherlands according to the 44 CLC classes</definition><featureAttribute><name>OBJECTID</name><definition>unique identifier</definition></featureAttribute><featureAttribute><name>ID</name><definition>Unique identifier within europe</definition></featureAttribute><featureAttribute><name>CODE_12</name><definition>Code 2012</definition></featureAttribute><featureAttribute><name>AREA_HA</name><definition>Area in Ha</definition></featureAttribute><featureAttribute><name>REMARK</name><definition>Remark</definition></featureAttribute><featureAttribute><name>SHAPE</name></featureAttribute><featureAttribute><name>SHAPE.AREA</name></featureAttribute><featureAttribute><name>SHAPE.LEN</name></featureAttribute></featureType></FC_FeatureCatalogue><eainfo><detailed Name="LANDGEBRUIK.CLC12_NL"><enttyp><enttypl Sync="TRUE">LANDGEBRUIK.CLC12_NL</enttypl><enttypt Sync="TRUE">Feature Class</enttypt><enttypc Sync="TRUE">0</enttypc></enttyp><attr><attrlabl Sync="TRUE">OBJECTID</attrlabl><attalias Sync="TRUE">OBJECTID</attalias><attrtype Sync="TRUE">OID</attrtype><attwidth Sync="TRUE">4</attwidth><atprecis Sync="TRUE">10</atprecis><attscale Sync="TRUE">0</attscale><attrdef Sync="TRUE">Internal feature number.</attrdef><attrdefs Sync="TRUE">Esri</attrdefs><attrdomv><udom Sync="TRUE">Sequential unique whole numbers that are automatically generated.</udom></attrdomv></attr><attr><attrlabl Sync="TRUE">Shape</attrlabl><attalias Sync="TRUE">Shape</attalias><attrtype Sync="TRUE">Geometry</attrtype><attwidth Sync="TRUE">4</attwidth><atprecis Sync="TRUE">0</atprecis><attscale Sync="TRUE">0</attscale><attrdef Sync="TRUE">Feature geometry.</attrdef><attrdefs Sync="TRUE">Esri</attrdefs><attrdomv><udom Sync="TRUE">Coordinates defining the features.</udom></attrdomv></attr><attr><attrlabl Sync="TRUE">ID</attrlabl><attalias Sync="TRUE">ID</attalias><attrtype Sync="TRUE">String</attrtype><attwidth Sync="TRUE">18</attwidth><atprecis Sync="TRUE">0</atprecis><attscale Sync="TRUE">0</attscale></attr><attr><attrlabl Sync="TRUE">CODE_12</attrlabl><attalias Sync="TRUE">CODE_12</attalias><attrtype Sync="TRUE">String</attrtype><attwidth Sync="TRUE">3</attwidth><atprecis Sync="TRUE">0</atprecis><attscale Sync="TRUE">0</attscale></attr><attr><attrlabl Sync="TRUE">AREA_HA</attrlabl><attalias Sync="TRUE">AREA_HA</attalias><attrtype Sync="TRUE">Double</attrtype><attwidth Sync="TRUE">8</attwidth><atprecis Sync="TRUE">38</atprecis><attscale Sync="TRUE">8</attscale></attr><attr><attrlabl Sync="TRUE">REMARK</attrlabl><attalias Sync="TRUE">REMARK</attalias><attrtype Sync="TRUE">String</attrtype><attwidth Sync="TRUE">20</attwidth><atprecis Sync="TRUE">0</atprecis><attscale Sync="TRUE">0</attscale></attr><attr><attrlabl Sync="TRUE">SHAPE.AREA</attrlabl><attalias Sync="TRUE">SHAPE.AREA</attalias><attrtype Sync="TRUE">Double</attrtype><attwidth Sync="TRUE">0</attwidth><atprecis Sync="TRUE">0</atprecis><attscale Sync="TRUE">0</attscale></attr><attr><attrlabl Sync="TRUE">SHAPE.LEN</attrlabl><attalias Sync="TRUE">SHAPE.LEN</attalias><attrtype Sync="TRUE">Double</attrtype><attwidth Sync="TRUE">0</attwidth><atprecis Sync="TRUE">0</atprecis><attscale Sync="TRUE">0</attscale></attr></detailed></eainfo><mdFileID>13c6ac3b-f2fd-4b81-8a1d-0a1e3d4b8f1b</mdFileID><mdLang><languageCode value="dut"/><countryCode value="NLD" Sync="TRUE"/></mdLang><mdChar><CharSetCd value="004"/></mdChar><mdContact><rpIndName>Gerard Hazeu</rpIndName><rpOrgName>Alterra, Wageningen UR</rpOrgName><rpPosName>Expert</rpPosName><rpCntInfo><cntAddress><eMailAdd>gerard.hazeu@wur.nl</eMailAdd></cntAddress><cntOnlineRes><linkage>http://www.alterra.wur.nl</linkage></cntOnlineRes></rpCntInfo></mdContact><mdDateSt Sync="TRUE">20141023</mdDateSt><mdStanName>ArcGIS Metadata</mdStanName><mdStanVer>1.0</mdStanVer><distInfo><distributor><distorCont><rpIndName>EEA</rpIndName><rpOrgName>EEA- European Environment Agency</rpOrgName><rpPosName>owner</rpPosName><rpCntInfo><cntAddress><delPoint>Kongens Nytorv 6</delPoint><city>Copenhagen</city><country>DK</country><eMailAdd>eea@eea.europa.eu</eMailAdd></cntAddress><cntOnlineRes><linkage>http://dataservice.eea.europa.eu/dataservice</linkage></cntOnlineRes></rpCntInfo></distorCont></distributor><distTranOps><onLineSrc><linkage>\\D0111753\F$\aiwerk\CLC2012\data\Aflevering\CLC2012_NL.gdb</linkage><protocol>dataset</protocol><orName>-</orName></onLineSrc></distTranOps><distFormat><formatName Sync="TRUE">SDE Feature Class</formatName></distFormat></distInfo><dataIdInfo><idCitation><resTitle Sync="TRUE">LANDGEBRUIK.CLC12_NL</resTitle><resAltTitle>CLC06_NL</resAltTitle><date><createDate>2014-06-03T00:00:00</createDate></date><resEd>2006</resEd><citId><identCode>b5435ec5-96d8-4c9c-9443-cbe9db68ad95</identCode></citId><presForm><PresFormCd value="005" Sync="TRUE"/></presForm></idCitation><idAbs>CORINE Land Cover 2006 database of the Netherlands. An increasing need for factual and quantitative information on the state of the environment of DG Environment, DG Agriculture and other users initiated a proposal of the EEA to collaborate with the European Space Agency (ESA) and the European Commission (EC) on the implementation of a fast track service on land monitoring. The project focused on timely, quality assured data, in particular in land cover and land use related issues for 2006-2008. The CLC2006 project is part of the GMES Fast Track Service Precursor (FTSP) Land Monitoring. In CLC2006 38 countries with total area of 5.8 Mkm2 are participating (32 EEA member states and 6 collaborating countries).</idAbs><resMaint><dateNext>20180630</dateNext></resMaint><otherKeys><thesaName><resTitle>GEMET - INSPIRE themes, version 1.0</resTitle><date><pubDate>2008-06-01T00:00:00</pubDate></date></thesaName><keyword>Landgebruik</keyword><keyword>Bodemgebruik</keyword></otherKeys><searchKeys><keyword>Landgebruik</keyword><keyword>Bodemgebruik</keyword></searchKeys><resConst><LegConsts><othConsts>geen beperkingen</othConsts></LegConsts></resConst><resConst><Consts><useLimit>Niet te gebruiken voor navigatie</useLimit></Consts></resConst><resConst><Consts><useLimit>Geen gebruiksbeperkingen</useLimit></Consts></resConst><dataScale><equScale><rfDenom>100000</rfDenom></equScale></dataScale><dataLang><languageCode value="dut"/><countryCode value="NLD" Sync="TRUE"/></dataLang><dataExt><geoEle><GeoBndBox><westBL>2.811</westBL><eastBL>7.615</eastBL><southBL>50.718</southBL><northBL>53.81</northBL></GeoBndBox></geoEle><geoEle><GeoDesc><geoId><identCode>The Netherlands</identCode></geoId></GeoDesc></geoEle></dataExt><envirDesc Sync="TRUE">Microsoft Windows 7 Version 6.1 (Build 7601) Service Pack 1; Esri ArcGIS 10.2.1.3497</envirDesc><spatRpType><SpatRepTypCd value="001" Sync="TRUE"/></spatRpType><dataExt><geoEle><GeoBndBox esriExtentType="search"><exTypeCode Sync="TRUE">1</exTypeCode><westBL Sync="TRUE">2.811305</westBL><eastBL Sync="TRUE">7.614686</eastBL><northBL Sync="TRUE">53.810494</northBL><southBL Sync="TRUE">50.718292</southBL></GeoBndBox></geoEle></dataExt><tpCat><TopicCatCd value="001"/></tpCat></dataIdInfo><dqInfo><dataLineage><statement>Satelite images, aerial photos and topography</statement></dataLineage></dqInfo><refSysInfo><RefSystem><refSysID><identCode code="28992"/><idCodeSpace Sync="TRUE">EPSG</idCodeSpace><idVersion Sync="TRUE">8.2.6</idVersion></refSysID></RefSystem></refSysInfo><mdHrLv><ScopeCd value="005" Sync="TRUE"/></mdHrLv><mdHrLvName Sync="TRUE">dataset</mdHrLvName><spatRepInfo><VectSpatRep><geometObjs Name="LANDGEBRUIK.CLC12_NL"><geoObjTyp><GeoObjTypCd value="002" Sync="TRUE"></GeoObjTypCd></geoObjTyp><geoObjCnt Sync="TRUE">0</geoObjCnt></geometObjs><topLvl><TopoLevCd value="001" Sync="TRUE"></TopoLevCd></topLvl></VectSpatRep></spatRepInfo><spdoinfo><ptvctinf><esriterm Name="LANDGEBRUIK.CLC12_NL"><efeatyp Sync="TRUE">Simple</efeatyp><efeageom code="4" Sync="TRUE"></efeageom><esritopo Sync="TRUE">FALSE</esritopo><efeacnt Sync="TRUE">0</efeacnt><spindex Sync="TRUE">TRUE</spindex><linrefer Sync="TRUE">FALSE</linrefer></esriterm></ptvctinf></spdoinfo></metadata>
